accession,abundance
GCA_013314665.1,0.018932326008204273
GCA_900479325.1,0.025529203786419385
GCA_003427945.1,0.06499327439573135
GCA_004283945.1,0.07086236966999118
GCA_008373645.1,0.09477835447477273
GCA_009742065.1,0.09620535780046913
GCA_003362215.1,0.11896249737655895
GCA_000457085.1,0.14212051806452455
GCA_002538415.1,0.16284219048796764
GCA_005382225.1,0.20477390793536085
